parameter,coef_log_scale,std_error,z_value,p_value,ci_lower_95_log_scale,ci_upper_95_log_scale,multiplicative_effect,multiplicative_ci_lower_95,multiplicative_ci_upper_95
post_2019_outbreak,0.016014907918607123,0.007176638395696156,2.2315333496823935,0.025645820982164245,0.001948955132975343,0.030080860704238904,1.016143833882747,1.0019508555804588,1.0305378606016988
post_2014_outbreak,11.277636077083224,0.05914697324088671,190.671398030006,0.0,11.161710139736533,11.393562014429916,79034.21011011575,70383.21847082207,88748.5185168027
pre_2014,11.27323969212938,0.05933700649510035,189.9866602313389,0.0,11.156941296448563,11.389538087810196,78687.50797440228,70048.3709840146,88392.11853527054
ar.L1,0.9785117091501406,0.27207754004745743,3.5964442672462513,0.00032259666085819263,0.44524952965486986,1.5117738886454113,2.660493705519465,1.5608796329987007,4.534767836972977
ma.L1,0.9496185038935604,0.5075274233100923,1.871068360602372,0.06133560635835823,-0.04511696696063472,1.9443539747477554,2.584723409285669,0.9558856682526502,6.989115251326822
sigma2,2.1025100355628294e-05,1.0306708455308032e-05,2.039943251213263,0.041355978248436384,8.243229840700965e-07,4.122587772718649e-05,1.0000210253213846,1.0000008243233238,1.0000412267275254
