lag,lb_stat,lb_pvalue
1,0.3059257839654641,0.5801911151391216
5,0.7638387057376623,0.9792822618636232
10,4.259044674622356,0.934905268114978
