lag,lb_stat,lb_pvalue
1,0.43648594754891457,0.5088234335893569
5,1.2476391815075099,0.9402262117095825
10,1.3902788071926058,0.9992383362952164
